Season,Rk,Squad,MP,W,D,L,GF,GA,GD,Pts,Pts/MP,xG,xGA,xGD,xGD/90,Attendance,Top Team Scorer,Goalkeeper,Notes,# Pl_x,90s_x,Tkl,TklW,Def 3rd,Mid 3rd,Att 3rd,Tkl.1,Att,Tkl%,Lost,Blocks,Sh_x,Pass,Int,Tkl+Int,Clr,Err,# Pl_y,90s_y,SCA,SCA90,PassLive,PassDead,TO,Sh_y,Fld,Def,GCA,GCA90,PassLive.1,PassDead.1,TO.1,Sh_y.1,Fld.1,Def.1,avg_poss
2023-2024,1,Manchester City,38,28,7,3,96,34,62,91,2.39,80.5,35.6,44.9,1.18,53012,Erling Haaland - 27,Ederson,→ Champions League via league finish,25,38.0,517,305,183,221,113,222,458,48.5,236,353,75,278,233,750,457,17,25,38.0,495,13.03,363,44,36,27,14,11,56,1.47,41,3,5,4,3,0,66.62857142857143
2023-2024,2,Arsenal,38,28,5,5,91,29,62,89,2.34,76.1,27.9,48.2,1.27,60236,Bukayo Saka - 16,David Raya,→ Champions League via league finish,25,38.0,610,348,257,246,107,271,543,49.9,272,412,106,306,292,902,515,18,25,38.0,531,13.97,376,35,30,44,23,23,44,1.16,24,4,4,5,2,5,56.728571428571435
2023-2024,3,Liverpool,38,24,10,4,86,41,45,82,2.16,87.8,45.7,42.0,1.11,55979,Mohamed Salah - 18,Alisson,→ Champions League via league finish,30,38.0,677,418,274,290,113,341,768,44.4,427,475,108,367,292,969,583,19,30,38.0,720,18.95,481,72,60,42,45,20,61,1.61,37,7,6,7,3,1,61.699999999999996
2023-2024,4,Aston Villa,38,20,8,10,76,61,15,68,1.79,63.3,59.9,3.4,0.09,41858,Ollie Watkins - 19,Emiliano Martínez,→ Champions League via league finish,31,38.0,547,311,269,210,68,260,550,47.3,290,389,113,276,236,783,597,13,31,38.0,820,21.58,586,72,53,58,34,17,102,2.68,70,9,6,8,4,5,48.3
2023-2024,5,Tottenham,38,20,6,12,74,61,13,66,1.74,68.2,63.4,4.8,0.13,61482,Son Heung-min - 17,Guglielmo Vicario,→ Europa League via league finish,29,38.0,724,451,335,264,125,360,691,52.1,331,445,132,313,355,1079,707,24,29,38.0,835,21.97,565,100,50,63,44,13,103,2.71,62,10,8,11,10,2,55.4
2023-2024,6,Chelsea,38,18,9,11,77,63,14,63,1.66,74.5,58.1,16.4,0.43,39524,Cole Palmer - 22,Đorđe Petrović,→ Europa Conference League via league finish,32,38.0,663,376,325,235,103,323,630,51.3,307,448,166,282,298,961,785,24,32,38.0,967,25.45,669,92,53,67,56,30,95,2.5,69,8,3,10,4,1,59.84285714285714
2023-2024,7,Newcastle Utd,38,18,6,14,85,62,23,60,1.58,76.0,61.4,14.6,0.38,52125,Alexander Isak - 21,Martin Dúbravka,,32,38.0,661,391,316,254,91,302,681,44.3,379,497,151,346,285,946,682,16,32,38.0,932,24.53,703,73,57,51,33,15,109,2.87,79,6,11,7,6,0,43.542857142857144
2023-2024,8,Manchester Utd,38,18,6,14,57,58,-1,60,1.58,56.5,68.9,-12.5,-0.33,73533,"Rasmus Højlund, Bruno Fernandes - 10",André Onana,→ Europa League via cup win,31,38.0,676,409,334,240,102,349,715,48.8,366,534,207,327,313,989,884,12,31,38.0,1179,31.03,846,120,61,78,54,20,99,2.61,60,9,9,8,11,2,53.98571428571429
2023-2024,9,West Ham,38,14,10,14,60,74,-14,52,1.37,52.3,71.1,-18.8,-0.49,62567,Jarrod Bowen - 16,Alphonse Areola,,26,38.0,684,426,350,254,80,307,607,50.6,300,487,180,307,361,1045,906,9,26,38.0,1192,31.37,927,75,54,86,41,9,126,3.32,87,5,11,11,10,2,44.6
2023-2024,10,Crystal Palace,38,13,10,15,57,58,-1,49,1.29,48.6,52.0,-3.4,-0.09,24932,Jean-Philippe Mateta - 16,Sam Johnstone,,26,38.0,788,464,373,301,114,337,609,55.3,272,456,122,334,323,1111,927,6,26,38.0,832,21.89,607,86,34,52,42,11,104,2.74,84,7,3,5,4,1,45.07142857142857
2023-2024,11,Brighton,38,12,12,14,55,62,-7,48,1.26,56.8,55.4,1.4,0.04,32638,João Pedro - 9,Bart Verbruggen,,30,38.0,644,366,292,252,100,307,658,46.7,351,437,140,297,288,932,603,21,30,38.0,814,21.42,599,51,64,48,33,19,95,2.5,68,3,7,7,7,3,51.971428571428575
2023-2024,12,Bournemouth,38,13,9,16,54,67,-13,48,1.26,55.9,58.1,-2.2,-0.06,11103,Dominic Solanke - 19,Neto,,30,38.0,693,410,301,281,111,325,688,47.2,363,504,153,351,357,1050,817,16,30,38.0,934,24.58,681,77,60,68,31,17,112,2.95,82,3,6,11,8,2,44.78
2023-2024,13,Fulham,38,13,8,17,55,61,-6,47,1.24,50.8,62.9,-12.1,-0.32,24302,Rodrigo Muniz - 9,Bernd Leno,,25,38.0,679,384,339,260,80,346,678,51.0,332,437,117,320,371,1050,744,14,25,38.0,916,24.11,660,76,58,60,46,16,99,2.61,65,4,12,6,11,1,49.475
2023-2024,14,Wolves,38,13,7,18,50,65,-15,46,1.21,46.7,67.7,-21.0,-0.55,31029,"Hwang Hee-chan, Matheus Cunha - 12",José Sá,,27,38.0,739,430,415,247,77,312,607,51.4,295,506,173,333,284,1023,828,16,27,38.0,1009,26.55,737,76,47,77,42,30,113,2.97,80,6,9,8,8,2,48.78333333333333
2023-2024,15,Everton,38,13,9,16,40,51,-11,42,1.11,54.0,55.2,-1.2,-0.03,39042,"Abdoulaye Doucouré, Dominic Calvert-Lewin - 7",Jordan Pickford,6-point deduction 1,26,38.0,743,442,371,261,111,347,701,49.5,354,479,177,302,358,1101,882,12,26,38.0,951,25.03,695,79,53,75,33,16,81,2.13,56,3,5,9,7,1,45.142857142857146
2023-2024,16,Brentford,38,10,9,19,56,65,-9,39,1.03,58.2,56.0,2.2,0.06,17082,Yoane Wissa - 12,Mark Flekken,,28,38.0,677,399,349,250,78,317,697,45.5,380,474,142,332,378,1055,903,18,28,38.0,980,25.79,778,54,58,46,21,23,119,3.13,94,5,7,7,3,3,44.6
2023-2024,17,Nott'ham Forest,38,9,9,20,49,67,-18,32,0.84,49.9,53.2,-3.3,-0.09,29386,Chris Wood - 14,Matt Turner,4-point deduction 2,33,38.0,728,429,437,219,72,325,607,53.5,282,488,168,320,331,1059,968,13,33,38.0,897,23.61,680,69,45,45,45,13,113,2.97,83,10,6,5,8,1,39.1
2023-2024,18,Luton Town,38,6,8,24,52,85,-33,26,0.68,42.4,78.0,-35.5,-0.94,11240,Carlton Morris - 11,Thomas Kaminski,Relegated,28,38.0,654,368,330,236,88,299,616,48.5,317,493,183,310,325,979,916,21,28,38.0,1146,30.16,853,82,69,80,40,22,133,3.5,94,9,12,11,5,2,42.4
2023-2024,19,Burnley,38,5,9,24,41,78,-37,24,0.63,40.6,70.4,-29.7,-0.78,21184,Jacob Bruun Larsen - 6,James Trafford,Relegated,31,38.0,607,342,282,247,78,284,584,48.6,300,477,169,308,280,887,837,22,31,38.0,1095,28.82,815,89,53,64,49,25,128,3.37,89,7,9,10,8,5,42.75
2023-2024,20,Sheffield Utd,38,3,7,28,35,104,-69,16,0.42,38.3,76.7,-38.4,-1.01,30011,"Oliver McBurnie, Ben Brereton - 6",Wes Foderingham,Relegated,35,38.0,709,405,375,248,86,299,635,47.1,336,514,180,334,348,1057,1042,18,35,38.0,1210,31.84,890,113,82,69,44,12,175,4.61,130,12,11,13,8,1,40.199999999999996
2022-2023,1,Manchester City,38,28,5,5,94,33,61,89,2.34,78.6,32.1,46.5,1.22,53249,Erling Haaland - 36,Ederson,→ Champions League via league finish,24,38.0,471,272,185,198,88,212,462,45.9,250,339,95,244,223,694,402,9,24,38.0,494,13.0,348,42,23,40,24,17,51,1.34,36,3,2,3,5,2,66.62857142857143
2022-2023,2,Arsenal,38,26,6,6,88,43,45,84,2.21,71.6,42.0,29.6,0.78,60191,"Martin Ødegaard, Gabriel Martinelli - 15",Aaron Ramsdale,→ Champions League via league finish,26,38.0,568,343,238,212,118,249,509,48.9,260,362,86,276,237,805,599,23,26,38.0,569,14.97,398,64,31,33,32,11,66,1.74,49,5,2,4,5,1,56.728571428571435
2022-2023,3,Manchester Utd,38,23,6,9,58,43,15,75,1.97,67.7,50.4,17.3,0.45,73671,Marcus Rashford - 17,David de Gea,→ Champions League via league finish,26,38.0,657,400,343,231,83,300,600,50.0,300,496,146,350,352,1009,771,11,26,38.0,824,21.68,568,85,42,69,44,16,68,1.79,50,4,0,6,7,1,53.98571428571429
2022-2023,4,Newcastle Utd,38,19,14,5,68,33,35,71,1.87,71.9,39.5,32.3,0.85,52127,Callum Wilson - 18,Nick Pope,→ Champions League via league finish,27,38.0,607,360,268,254,85,307,642,47.8,335,448,116,332,333,940,680,10,27,38.0,678,17.84,492,51,46,43,31,15,53,1.39,38,4,4,6,1,0,43.542857142857144
2022-2023,5,Liverpool,38,19,10,9,75,47,28,67,1.76,71.5,50.8,20.7,0.55,53163,Mohamed Salah - 19,Alisson,→ Europa League via league finish,28,38.0,590,370,228,250,112,281,651,43.2,370,350,74,276,333,923,568,20,28,38.0,655,17.24,481,58,45,30,32,9,78,2.05,52,3,10,5,4,4,61.699999999999996
2022-2023,6,Brighton,38,18,8,12,72,53,19,62,1.63,73.3,50.2,23.1,0.61,31477,Alexis Mac Allister - 10,Robert Sánchez,→ Europa League via league finish,29,38.0,616,340,270,242,104,266,561,47.4,295,392,104,288,303,919,432,15,29,38.0,673,17.71,483,54,42,38,43,13,82,2.16,54,4,9,7,7,1,51.971428571428575
2022-2023,7,Aston Villa,38,18,7,13,51,46,5,61,1.61,50.3,52.5,-2.2,-0.06,41679,Ollie Watkins - 15,Emiliano Martínez,→ Europa Conference League via league finish,26,38.0,632,338,305,251,76,312,648,48.1,336,438,118,320,324,956,714,14,26,38.0,757,19.92,530,82,46,52,39,8,74,1.95,48,7,5,7,5,2,48.3
2022-2023,8,Tottenham,38,18,6,14,70,63,7,60,1.58,57.0,49.6,7.4,0.2,61585,Harry Kane - 30,Hugo Lloris,,29,38.0,619,353,325,215,79,275,574,47.9,299,428,148,280,340,959,762,20,29,38.0,905,23.82,681,71,49,51,37,16,111,2.92,82,4,9,10,4,2,55.4
2022-2023,9,Brentford,38,15,14,9,58,46,12,59,1.55,56.3,48.8,7.5,0.2,17078,Ivan Toney - 20,David Raya,,25,38.0,588,338,271,228,89,253,597,42.4,344,456,168,288,341,929,822,14,25,38.0,999,26.29,764,68,54,74,28,11,76,2.0,51,7,6,9,2,1,44.6
2022-2023,10,Fulham,38,15,7,16,55,53,2,52,1.37,46.2,63.6,-17.4,-0.46,23746,Aleksandar Mitrović - 14,Bernd Leno,,29,38.0,625,350,295,229,101,299,588,50.9,289,455,125,330,340,965,749,15,29,38.0,878,23.11,639,65,53,63,50,8,87,2.29,55,3,7,14,8,0,49.475
2022-2023,11,Crystal Palace,38,11,12,15,40,49,-9,45,1.18,39.3,48.1,-8.8,-0.23,24952,Eberechi Eze - 10,Vicente Guaita,,26,38.0,690,421,354,246,90,281,532,52.8,251,463,119,344,359,1049,807,7,26,38.0,796,20.95,578,85,35,45,44,9,81,2.13,59,5,6,7,4,0,45.07142857142857
2022-2023,12,Chelsea,38,11,11,16,38,47,-9,44,1.16,49.5,52.5,-3.0,-0.08,40002,Kai Havertz - 7,Kepa Arrizabalaga,,32,38.0,740,445,363,267,110,333,656,50.8,323,466,108,358,341,1081,661,21,32,38.0,751,19.76,543,59,47,52,34,16,70,1.84,45,4,5,10,4,2,59.84285714285714
2022-2023,13,Wolves,38,11,8,19,31,58,-27,41,1.08,36.8,59.9,-23.0,-0.61,31482,"Rúben Neves, Daniel Podence - 6",José Sá,,32,38.0,660,370,363,222,75,285,616,46.3,331,497,175,322,279,939,817,19,32,38.0,959,25.24,688,78,50,63,58,22,98,2.58,71,4,6,6,5,6,48.78333333333333
2022-2023,14,West Ham,38,11,7,20,42,55,-13,40,1.05,49.2,53.0,-3.9,-0.1,62462,"Saïd Benrahma, Jarrod Bowen - 6",Łukasz Fabiański,,25,38.0,608,336,290,226,92,270,563,48.0,293,415,139,276,408,1016,810,10,25,38.0,890,23.42,674,70,47,51,32,16,100,2.63,72,8,5,5,6,4,44.6
2022-2023,15,Bournemouth,38,11,6,21,37,71,-34,39,1.03,38.5,63.8,-25.3,-0.67,10362,Philip Billing - 7,Neto,,31,38.0,618,371,316,249,53,256,614,41.7,358,499,170,329,353,971,1027,11,31,38.0,1090,28.68,820,101,40,67,45,17,114,3.0,73,15,4,17,5,0,44.78
2022-2023,16,Nott'ham Forest,38,9,11,18,38,68,-30,38,1.0,39.3,64.2,-24.9,-0.66,29188,Taiwo Awoniyi - 10,Dean Henderson,,33,38.0,659,387,380,201,78,296,589,50.3,293,500,156,344,349,1008,944,7,33,38.0,1000,26.32,703,97,58,72,61,9,120,3.16,85,8,6,11,8,2,39.1
2022-2023,17,Everton,38,8,12,18,34,57,-23,36,0.95,45.2,65.5,-20.4,-0.54,39243,Dwight McNeil - 7,Jordan Pickford,,28,38.0,708,424,362,257,89,309,619,49.9,310,510,180,330,390,1098,874,17,28,38.0,1017,26.76,736,97,52,74,42,16,99,2.61,67,2,8,12,9,1,45.142857142857146
2022-2023,18,Leicester City,38,9,7,22,51,68,-17,34,0.89,50.5,63.3,-12.8,-0.34,31887,Harvey Barnes - 13,Danny Ward,Relegated,28,38.0,699,412,345,291,63,308,677,45.5,369,517,170,347,367,1066,777,12,28,38.0,986,25.95,712,84,52,71,50,17,106,2.79,81,4,6,5,7,3,51.666666666666664
2022-2023,19,Leeds United,38,7,10,21,48,78,-30,31,0.82,47.3,67.1,-19.8,-0.52,36566,Rodrigo - 13,Illan Meslier,Relegated,29,38.0,840,480,376,343,121,412,863,47.7,451,536,131,405,392,1232,734,18,29,38.0,921,24.24,640,88,72,60,49,12,140,3.68,98,4,21,8,7,2,52.199999999999996
2022-2023,20,Southampton,38,6,7,25,36,73,-37,25,0.66,37.8,60.8,-23.0,-0.61,30440,James Ward-Prowse - 9,Gavin Bazunu,Relegated,36,38.0,714,426,378,279,57,297,612,48.5,315,542,165,377,427,1141,852,11,36,38.0,920,24.21,702,65,46,59,34,14,121,3.18,94,7,6,7,6,1,47.96666666666667
2021-2022,1,Manchester City,38,29,6,3,99,26,73,93,2.45,88.7,24.6,64.0,1.68,52774,Kevin De Bruyne - 15,Ederson,→ Champions League via league finish,26,38.0,498,284,183,214,101,227,509,44.6,282,267,55,212,279,777,403,7,26,38.0,392,10.32,286,38,24,15,23,6,49,1.29,38,2,5,2,1,1,66.62857142857143
2021-2022,2,Liverpool,38,28,8,2,94,26,68,92,2.42,88.7,33.8,54.9,1.45,53352,Mohamed Salah - 23,Alisson,→ Champions League via league finish,27,38.0,554,320,207,240,107,233,576,40.5,343,359,74,285,340,894,523,8,27,38.0,518,13.63,386,35,40,25,22,10,46,1.21,32,4,4,5,1,0,61.699999999999996
2021-2022,3,Chelsea,38,21,11,6,76,33,43,74,1.95,63.4,33.2,30.1,0.79,36443,Mason Mount - 11,Edouard Mendy,→ Champions League via league finish,26,38.0,621,348,267,269,85,257,567,45.3,310,408,96,312,347,968,641,15,26,38.0,587,15.45,407,52,43,36,37,12,53,1.39,34,4,4,3,5,3,59.84285714285714
2021-2022,4,Tottenham,38,22,5,11,69,40,29,71,1.87,61.2,39.3,21.9,0.58,56523,Son Heung-min - 23,Hugo Lloris,→ Champions League via league finish,25,38.0,598,349,286,244,68,262,584,44.9,322,470,161,309,355,953,793,15,25,38.0,867,22.82,612,85,54,61,39,16,72,1.89,54,5,4,4,3,2,55.4
2021-2022,5,Arsenal,38,22,3,13,61,48,13,69,1.82,60.5,45.7,14.9,0.39,59665,Bukayo Saka - 11,Aaron Ramsdale,→ Europa League via league finish,27,38.0,540,311,261,195,84,244,500,48.8,256,386,123,263,296,836,658,20,27,38.0,762,20.05,577,59,35,38,39,14,78,2.05,57,3,5,5,7,1,56.728571428571435
2021-2022,6,Manchester Utd,38,16,10,12,57,57,0,58,1.53,55.8,53.0,2.8,0.07,73150,Cristiano Ronaldo - 18,David de Gea,→ Europa League via league finish,29,38.0,585,358,320,197,68,265,608,43.6,343,404,133,271,340,925,704,20,29,38.0,859,22.61,594,74,52,68,49,22,89,2.34,64,4,7,10,3,1,53.98571428571429
2021-2022,7,West Ham,38,16,8,14,60,51,9,56,1.47,51.4,53.5,-2.1,-0.06,58370,Jarrod Bowen - 12,Łukasz Fabiański,→ Europa Conference League via league finish,25,38.0,534,301,273,199,62,240,557,43.1,317,420,175,245,374,908,781,5,25,38.0,973,25.61,769,59,38,58,43,6,86,2.26,61,8,3,10,3,1,44.6
2021-2022,8,Leicester City,38,14,10,14,62,59,3,52,1.37,47.8,59.3,-11.5,-0.3,32493,Jamie Vardy - 15,Kasper Schmeichel,,28,38.0,690,384,336,270,84,306,720,42.5,414,469,146,323,367,1057,777,15,28,38.0,970,25.53,669,98,59,75,49,20,97,2.55,55,9,6,16,9,2,51.666666666666664
2021-2022,9,Brighton,38,12,15,11,42,44,-2,51,1.34,46.2,42.9,3.3,0.09,30966,"Leandro Trossard, Neal Maupay - 8",Robert Sánchez,,26,38.0,668,403,306,257,105,243,563,43.2,320,480,150,330,358,1026,723,12,26,38.0,824,21.68,612,58,49,50,42,13,77,2.03,49,11,4,7,4,2,51.971428571428575
2021-2022,10,Wolves,38,15,6,17,38,43,-5,51,1.34,37.5,56.9,-19.4,-0.51,30841,Raúl Jiménez - 6,José Sá,,26,38.0,673,377,377,242,54,273,671,40.7,398,437,135,302,389,1062,820,20,26,38.0,889,23.39,647,70,55,58,50,9,69,1.82,39,4,6,8,11,1,48.78333333333333
2021-2022,11,Newcastle Utd,38,13,10,15,44,62,-18,49,1.29,38.1,57.1,-19.0,-0.5,51487,Callum Wilson - 8,Martin Dúbravka,,29,38.0,659,383,334,266,59,304,641,47.4,337,420,162,258,360,1019,776,14,29,38.0,936,24.63,676,78,60,69,45,8,106,2.79,76,7,6,12,5,0,43.542857142857144
2021-2022,12,Crystal Palace,38,11,15,12,50,46,4,48,1.26,46.4,40.7,5.7,0.15,24588,Wilfried Zaha - 14,Vicente Guaita,,24,38.0,637,374,323,236,78,273,575,47.5,302,452,135,317,333,970,761,5,24,38.0,759,19.97,535,77,32,57,48,10,74,1.95,47,11,3,7,4,2,45.07142857142857
2021-2022,13,Brentford,38,13,7,18,48,56,-8,46,1.21,45.8,48.5,-2.7,-0.07,16918,Ivan Toney - 12,David Raya,,29,38.0,607,342,299,228,80,291,616,47.2,325,383,113,270,393,1000,863,7,29,38.0,876,23.05,659,65,35,57,49,11,97,2.55,73,6,2,8,7,1,44.6
2021-2022,14,Aston Villa,38,13,6,19,52,54,-2,45,1.18,44.0,49.0,-4.9,-0.13,41681,Ollie Watkins - 11,Emiliano Martínez,,31,38.0,634,382,300,259,75,300,649,46.2,349,453,140,313,339,973,693,13,31,38.0,827,21.76,576,75,59,47,51,19,91,2.39,63,3,6,10,8,1,48.3
2021-2022,15,Southampton,38,9,13,16,43,67,-24,40,1.05,44.8,60.0,-15.2,-0.4,30134,James Ward-Prowse - 10,Fraser Forster,,25,38.0,602,340,285,243,74,248,581,42.7,333,430,132,298,446,1048,795,13,25,38.0,853,22.45,646,63,46,57,34,7,110,2.89,76,7,9,14,3,1,47.96666666666667
2021-2022,16,Everton,38,11,6,21,43,66,-23,39,1.03,41.2,55.4,-14.2,-0.37,38446,Richarlison - 10,Jordan Pickford,,33,38.0,705,402,369,252,84,336,735,45.7,399,496,140,356,365,1070,815,15,33,38.0,922,24.26,650,84,64,65,50,9,104,2.74,65,14,6,11,6,2,45.142857142857146
2021-2022,17,Leeds United,38,9,11,18,42,79,-37,38,1.0,44.4,67.8,-23.5,-0.62,36308,Raphinha - 11,Illan Meslier,,29,38.0,787,437,396,298,93,408,886,46.0,478,473,143,330,395,1182,621,15,29,38.0,1005,26.45,711,87,80,60,51,16,134,3.53,97,9,9,9,9,1,52.199999999999996
2021-2022,18,Burnley,38,7,14,17,34,53,-19,35,0.92,39.7,57.1,-17.4,-0.46,19278,Maxwel Cornet - 9,Nick Pope,Relegated,23,38.0,590,324,273,235,82,250,534,46.8,284,509,211,298,410,1000,887,18,23,38.0,1064,28.0,804,77,50,82,38,13,92,2.42,75,1,2,8,6,0,42.75
2021-2022,19,Watford,38,6,5,27,34,77,-43,23,0.61,40.0,64.5,-24.5,-0.64,20614,Emmanuel Dennis - 10,Ben Foster,Relegated,30,38.0,614,356,341,213,60,278,626,44.4,348,440,148,292,444,1058,899,19,30,38.0,961,25.29,717,77,49,54,48,16,130,3.42,93,7,10,6,9,5,45.0
2021-2022,20,Norwich City,38,5,7,26,23,84,-61,22,0.58,32.3,75.5,-43.2,-1.14,26836,Teemu Pukki - 11,Tim Krul,Relegated,28,38.0,614,368,322,242,50,297,714,41.6,417,450,180,270,381,995,860,14,28,38.0,1091,28.71,798,92,70,69,46,16,138,3.63,100,5,9,15,8,1,46.099999999999994
2020-2021,1,Manchester City,38,27,5,6,83,32,51,86,2.26,68.2,30.2,38.0,1.0,526,İlkay Gündoğan - 13,Ederson,→ Champions League via league finish,24,38.0,498,271,198,212,88,234,576,40.6,342,310,82,228,319,817,453,11,24,38.0,489,12.87,350,28,36,32,35,8,54,1.42,30,3,3,8,10,0,66.62857142857143
2020-2021,2,Manchester Utd,38,21,11,6,73,44,29,74,1.95,60.1,41.4,18.6,0.49,526,Bruno Fernandes - 18,David de Gea,→ Champions League via league finish,29,38.0,551,311,252,239,60,231,572,40.4,341,418,116,302,386,937,634,20,29,38.0,746,19.63,566,52,36,46,39,7,67,1.76,43,10,2,5,7,0,53.98571428571429
2020-2021,3,Liverpool,38,20,9,9,68,42,26,69,1.82,67.5,43.0,24.5,0.65,837,Mohamed Salah - 22,Alisson,→ Champions League via league finish,28,38.0,526,303,195,231,100,220,543,40.5,323,338,58,280,347,873,563,20,28,38.0,581,15.29,424,49,32,32,36,8,74,1.95,54,4,3,5,7,1,61.699999999999996
2020-2021,4,Chelsea,38,19,10,9,58,36,22,67,1.76,62.4,30.3,32.1,0.85,526,Jorginho - 7,Edouard Mendy,→ Champions League via league finish,27,38.0,612,341,257,282,73,231,570,40.5,339,420,83,337,382,994,661,16,27,38.0,587,15.45,436,41,32,32,37,9,56,1.47,40,2,5,3,4,2,59.84285714285714
2020-2021,5,Leicester City,38,20,6,12,68,50,18,66,1.74,55.8,46.0,9.8,0.26,421,Jamie Vardy - 15,Kasper Schmeichel,→ Europa League via cup win,27,38.0,681,403,319,263,99,295,676,43.6,381,386,90,296,438,1119,685,9,27,38.0,658,17.32,438,77,42,43,52,6,82,2.16,51,8,8,9,5,1,51.666666666666664
2020-2021,6,West Ham,38,19,8,11,62,47,15,65,1.71,55.4,48.7,6.7,0.18,632,"Michail Antonio, Tomáš Souček - 10",Łukasz Fabiański,→ Europa League via league finish,24,38.0,514,280,269,195,50,224,573,39.1,349,405,124,281,437,951,779,11,24,38.0,826,21.74,651,47,52,35,35,6,77,2.03,62,3,5,3,3,1,44.6
2020-2021,7,Tottenham,38,18,8,12,68,45,23,62,1.63,53.1,49.1,4.0,0.1,632,Harry Kane - 23,Hugo Lloris,→ Europa Conference League via league finish 1,24,38.0,636,361,313,244,79,277,683,40.6,406,434,147,287,342,978,795,15,24,38.0,889,23.39,669,76,52,34,48,10,76,2.0,49,6,4,4,12,1,55.4
2020-2021,8,Arsenal,38,18,7,13,55,39,16,61,1.61,51.7,43.0,8.8,0.23,632,Alexandre Lacazette - 13,Bernd Leno,,29,38.0,456,252,206,184,66,212,547,38.8,335,368,113,255,351,807,643,16,29,38.0,711,18.71,515,60,48,40,33,15,59,1.55,37,5,4,8,4,1,56.728571428571435
2020-2021,9,Leeds United,38,18,5,15,62,54,8,59,1.55,55.6,57.9,-2.2,-0.06,421,Patrick Bamford - 17,Illan Meslier,,23,38.0,740,417,378,279,83,310,769,40.3,459,406,149,257,397,1137,646,26,23,38.0,951,25.03,629,100,69,62,66,25,86,2.26,47,9,7,13,10,0,52.199999999999996
2020-2021,10,Everton,38,17,8,13,47,48,-1,59,1.55,45.7,50.1,-4.5,-0.12,368,Dominic Calvert-Lewin - 16,Jordan Pickford,,29,38.0,640,381,325,242,73,266,664,40.1,398,458,157,301,392,1032,847,19,29,38.0,891,23.45,661,73,46,47,50,14,85,2.24,61,6,6,3,5,4,45.142857142857146
2020-2021,11,Aston Villa,38,16,7,15,55,46,9,55,1.45,52.5,51.1,1.4,0.04,526,Ollie Watkins - 14,Emiliano Martínez,,24,38.0,530,282,262,202,66,250,571,43.8,321,438,159,279,387,917,783,17,24,38.0,938,24.68,710,58,51,59,55,5,78,2.05,53,5,5,8,6,1,48.3
2020-2021,12,Newcastle Utd,38,12,9,17,46,62,-16,45,1.18,43.4,58.3,-14.9,-0.39,526,Callum Wilson - 12,Karl Darlow,,27,38.0,512,268,257,213,42,207,547,37.8,340,423,160,263,362,874,908,10,27,38.0,1031,27.13,776,87,50,49,53,16,108,2.84,84,4,7,4,6,3,43.542857142857144
2020-2021,13,Wolves,38,12,9,17,36,52,-16,45,1.18,36.5,49.5,-13.0,-0.34,237,"Rúben Neves, Pedro Neto - 5",Rui Patrício,,27,38.0,588,335,322,220,46,277,611,45.3,334,359,117,242,432,1020,727,15,27,38.0,778,20.47,561,65,49,44,48,11,88,2.32,59,7,7,5,9,1,48.78333333333333
2020-2021,14,Crystal Palace,38,12,8,18,41,66,-25,44,1.16,34.1,58.2,-24.2,-0.64,447,Wilfried Zaha - 11,Vicente Guaita,,24,38.0,636,366,329,234,73,283,620,45.6,337,447,138,309,396,1032,774,13,24,38.0,953,25.08,671,96,45,66,65,10,111,2.92,86,4,4,10,6,1,45.07142857142857
2020-2021,15,Southampton,38,12,7,19,47,68,-21,43,1.13,41.2,53.1,-11.8,-0.31,526,Danny Ings - 12,Alex McCarthy,,29,38.0,727,419,335,325,67,341,731,46.6,390,439,95,344,401,1128,681,10,29,38.0,767,20.18,533,81,52,42,49,10,117,3.08,80,3,12,12,7,3,47.96666666666667
2020-2021,16,Brighton,38,9,14,15,40,46,-6,41,1.08,50.9,35.3,15.6,0.41,523,Neal Maupay - 8,Robert Sánchez,,27,38.0,628,334,297,251,80,252,603,41.8,351,417,97,320,425,1053,604,8,27,38.0,625,16.45,474,51,36,25,31,8,76,2.0,53,8,2,5,7,1,51.971428571428575
2020-2021,17,Burnley,38,10,9,19,33,55,-22,39,1.03,39.3,54.7,-15.4,-0.4,178,Chris Wood - 12,Nick Pope,,25,38.0,507,293,241,203,63,229,564,40.6,335,440,180,260,416,923,824,11,25,38.0,1026,27.0,802,74,59,54,29,8,101,2.66,85,2,7,4,3,0,42.75
2020-2021,18,Fulham,38,5,13,20,27,53,-26,28,0.74,40.5,52.6,-12.1,-0.32,211,Bobby Reid - 5,Alphonse Areola,Relegated,28,38.0,601,329,282,231,88,254,581,43.7,327,356,95,261,437,1038,794,13,28,38.0,751,19.76,522,69,44,44,65,7,91,2.39,65,6,6,4,9,1,49.475
2020-2021,19,West Brom,38,5,11,22,35,76,-41,26,0.68,35.8,67.9,-32.0,-0.84,283,Matheus Pereira - 11,Sam Johnstone,Relegated,30,38.0,581,328,329,192,60,271,656,41.3,385,455,159,296,435,1016,876,13,30,38.0,1074,28.26,804,80,65,65,49,11,132,3.47,100,6,7,11,6,2,39.3
2020-2021,20,Sheffield Utd,38,7,2,29,20,63,-43,23,0.61,32.6,62.2,-29.6,-0.78,263,David McGoldrick - 8,Aaron Ramsdale,Relegated,27,38.0,634,356,325,239,70,294,720,40.8,426,442,152,290,351,985,839,19,27,38.0,981,25.82,701,88,61,64,48,19,105,2.76,66,9,10,13,5,2,40.199999999999996
2019-2020,1,Liverpool,38,32,3,3,85,33,52,99,2.61,68.9,37.7,31.2,0.82,41955,Mohamed Salah - 19,Alisson,→ Champions League via league finish,24,38.0,550,325,195,243,112,217,588,36.9,371,302,68,234,352,902,634,25,24,38.0,586,15.42,430,51,45,30,21,9,51,1.34,35,7,2,4,3,0,61.699999999999996
2019-2020,2,Manchester City,38,26,3,9,102,35,67,81,2.13,92.0,36.2,55.7,1.47,37097,Raheem Sterling - 20,Ederson,→ Champions League via league finish,24,38.0,514,301,204,210,100,230,605,38.0,375,292,66,226,352,866,495,21,24,38.0,491,12.92,339,39,38,28,36,11,59,1.55,37,5,6,4,5,2,66.62857142857143
2019-2020,3,Manchester Utd,38,18,12,8,66,36,30,66,1.74,62.2,37.7,24.5,0.64,57415,"Anthony Martial, Marcus Rashford - 17",David de Gea,→ Champions League via league finish,29,38.0,579,333,267,231,81,254,634,40.1,380,360,99,261,379,958,703,14,29,38.0,680,17.89,481,50,50,39,50,10,56,1.47,37,5,7,5,2,0,53.98571428571429
2019-2020,4,Chelsea,38,20,6,12,69,54,15,66,1.74,69.2,38.6,30.6,0.81,32023,Tammy Abraham - 15,Kepa Arrizabalaga,→ Champions League via league finish,27,38.0,638,362,304,258,76,246,604,40.7,358,361,91,270,459,1097,631,14,27,38.0,553,14.55,372,64,31,34,41,11,89,2.34,62,8,8,5,5,1,59.84285714285714
2019-2020,5,Leicester City,38,18,8,12,67,41,26,62,1.63,62.2,45.5,16.7,0.44,25312,Jamie Vardy - 23,Kasper Schmeichel,→ Europa League via league finish,24,38.0,742,432,347,320,75,298,725,41.1,427,420,92,328,423,1165,767,16,24,38.0,671,17.66,476,62,39,30,47,17,68,1.79,48,4,2,2,10,2,51.666666666666664
2019-2020,6,Tottenham,38,16,11,11,61,47,14,59,1.55,47.9,54.2,-6.3,-0.17,43757,Harry Kane - 18,Hugo Lloris,→ Europa League via league finish 1,29,38.0,665,415,331,281,53,253,681,37.2,428,441,148,293,381,1046,894,24,29,38.0,956,25.16,659,82,78,64,57,16,74,1.95,45,6,8,6,7,2,55.4
2019-2020,7,Wolves,38,15,14,9,51,40,11,59,1.55,54.1,38.0,16.1,0.42,24758,Raúl Jiménez - 17,Rui Patrício,,21,38.0,646,367,358,227,61,281,685,41.0,404,378,109,269,437,1083,702,23,21,38.0,694,18.26,487,66,52,37,49,3,66,1.74,44,5,7,6,4,0,48.78333333333333
2019-2020,8,Arsenal,38,14,14,10,56,48,8,56,1.47,47.0,55.3,-8.3,-0.22,47589,Pierre-Emerick Aubameyang - 22,Bernd Leno,→ Europa League via cup win 2,29,38.0,584,336,296,217,71,249,612,40.7,363,398,141,257,351,935,754,18,29,38.0,962,25.32,690,95,54,47,58,18,86,2.26,56,10,4,6,10,0,56.728571428571435
2019-2020,9,Sheffield Utd,38,14,12,12,39,39,0,54,1.42,43.0,51.0,-7.9,-0.21,24370,"Lys Mousset, Oliver McBurnie - 6",Dean Henderson,,26,38.0,611,377,304,229,78,261,646,40.4,385,336,106,230,420,1031,931,16,26,38.0,768,20.21,559,59,59,39,47,5,67,1.76,51,4,4,5,2,1,40.199999999999996
2019-2020,10,Burnley,38,15,9,14,43,50,-7,54,1.42,47.4,49.8,-2.4,-0.06,15995,Chris Wood - 14,Nick Pope,,22,38.0,547,344,238,241,68,240,585,41.0,345,450,175,275,387,934,901,15,22,38.0,951,25.03,713,71,49,54,46,18,80,2.11,55,3,7,7,4,4,42.75
2019-2020,11,Southampton,38,15,7,16,51,60,-9,52,1.37,56.1,52.8,3.3,0.09,23428,Danny Ings - 22,Alex McCarthy,,25,38.0,706,416,325,287,94,324,793,40.9,469,488,124,364,425,1131,867,21,25,38.0,769,20.24,546,74,52,52,36,9,107,2.82,75,7,12,5,6,2,47.96666666666667
2019-2020,12,Everton,38,13,10,15,44,56,-12,49,1.29,50.8,48.3,2.5,0.07,28848,"Dominic Calvert-Lewin, Richarlison - 13",Jordan Pickford,,24,38.0,671,408,328,262,81,282,672,42.0,390,372,111,261,408,1079,778,13,24,38.0,770,20.26,549,68,59,41,47,6,95,2.5,61,7,11,7,9,0,45.142857142857146
2019-2020,13,Newcastle Utd,38,11,11,16,38,58,-20,44,1.16,35.5,65.6,-30.1,-0.79,35551,Jonjo Shelvey - 6,Martin Dúbravka,,28,38.0,603,357,364,198,41,273,632,43.2,359,402,152,250,391,994,988,19,28,38.0,1023,26.92,749,90,58,63,53,10,97,2.55,72,4,7,6,5,3,43.542857142857144
2019-2020,14,Crystal Palace,38,11,10,17,31,50,-19,43,1.13,35.8,57.0,-21.2,-0.56,19784,Jordan Ayew - 9,Vicente Guaita,,25,38.0,686,390,367,244,75,316,711,44.4,395,399,135,264,444,1130,856,18,25,38.0,888,23.37,629,95,48,48,54,14,82,2.16,64,3,5,7,3,0,45.07142857142857
2019-2020,15,Brighton,38,9,14,15,39,54,-15,41,1.08,45.4,55.0,-9.5,-0.25,22369,Neal Maupay - 10,Mathew Ryan,,25,38.0,641,379,295,269,77,245,642,38.2,397,437,137,300,419,1060,750,15,25,38.0,874,23.0,632,66,69,48,43,16,92,2.42,70,5,5,6,5,1,51.971428571428575
2019-2020,16,West Ham,38,10,9,19,49,62,-13,39,1.03,48.6,63.8,-15.2,-0.4,44155,Michail Antonio - 10,Łukasz Fabiański,,29,38.0,696,417,374,263,59,300,745,40.3,445,383,117,266,421,1117,789,16,29,38.0,885,23.29,657,72,61,45,41,9,106,2.79,78,5,11,6,6,0,44.6
2019-2020,17,Aston Villa,38,9,8,21,41,67,-26,35,0.92,44.3,67.8,-23.5,-0.62,28505,Jack Grealish - 8,Tom Heaton,,28,38.0,523,291,285,174,64,223,597,37.4,374,456,184,272,423,946,928,26,28,38.0,1072,28.21,790,85,62,66,54,15,107,2.82,74,8,9,7,7,2,48.3
2019-2020,18,Bournemouth,38,9,7,22,40,65,-25,34,0.89,44.8,62.3,-17.5,-0.46,7745,Callum Wilson - 8,Aaron Ramsdale,Relegated,27,38.0,507,299,254,206,47,207,567,36.5,360,439,160,279,475,982,1008,16,27,38.0,976,25.68,764,61,54,54,26,17,108,2.84,77,2,8,12,6,3,44.78
2019-2020,19,Watford,38,8,10,20,36,64,-28,34,0.89,48.9,58.1,-9.3,-0.24,15353,Troy Deeney - 10,Ben Foster,Relegated,26,38.0,657,369,347,249,61,267,713,37.4,446,396,135,261,424,1081,869,4,26,38.0,885,23.29,635,61,65,52,59,13,106,2.79,64,4,11,14,12,1,45.0
2019-2020,20,Norwich City,38,5,6,27,26,75,-49,21,0.55,37.0,66.5,-29.5,-0.78,19913,Teemu Pukki - 11,Tim Krul,Relegated,30,38.0,628,379,359,210,59,267,700,38.1,433,453,171,282,397,1025,959,20,30,38.0,1074,28.26,768,100,66,70,48,22,121,3.18,79,9,10,11,9,3,46.099999999999994
2018-2019,1,Manchester City,38,32,2,4,95,23,72,98,2.58,84.3,24.7,59.6,1.57,54130,Sergio Agüero - 21,Ederson,→ Champions League via league finish,21,38.0,518,327,214,215,89,193,467,41.3,274,319,63,256,362,880,570,15,21,38.0,416,10.95,294,43,30,14,30,5,43,1.13,23,6,3,4,7,0,66.62857142857143
2018-2019,2,Liverpool,38,30,7,1,89,22,67,97,2.55,73.7,28.8,44.9,1.18,52983,"Sadio Mané, Mohamed Salah - 22",Alisson,→ Champions League via league finish,23,38.0,613,377,257,280,76,251,556,45.1,305,361,78,283,314,927,670,16,23,38.0,549,14.45,421,43,28,24,23,10,39,1.03,31,2,1,5,0,0,61.699999999999996
2018-2019,3,Chelsea,38,21,9,8,63,39,24,72,1.89,58.6,36.4,22.2,0.58,40437,Eden Hazard - 16,Kepa Arrizabalaga,→ Champions League via league finish,24,38.0,618,365,280,245,93,241,541,44.5,300,357,73,284,353,971,645,16,24,38.0,604,15.89,431,64,34,30,29,16,66,1.74,46,7,3,5,3,2,59.84285714285714
2018-2019,4,Tottenham,38,23,2,13,67,39,28,71,1.87,54.9,47.1,7.8,0.2,54216,Harry Kane - 17,Hugo Lloris,→ Champions League via league finish,28,38.0,627,373,310,237,80,268,577,46.4,309,415,112,303,325,952,823,20,28,38.0,822,21.63,590,75,56,48,41,12,60,1.58,43,5,4,3,5,0,55.4
2018-2019,5,Arsenal,38,21,7,10,73,51,22,70,1.84,60.1,54.2,5.8,0.15,59899,Pierre-Emerick Aubameyang - 22,Bernd Leno,→ Europa League via league finish,28,38.0,609,366,294,236,79,228,535,42.6,307,424,118,306,412,1021,798,28,28,38.0,863,22.71,615,74,46,56,54,18,91,2.39,56,6,11,7,10,1,56.728571428571435
2018-2019,6,Manchester Utd,38,19,9,10,65,54,11,66,1.74,61.4,50.6,10.8,0.29,74498,Paul Pogba - 13,David de Gea,→ Europa League via league finish 1,28,38.0,581,347,280,239,62,240,544,44.1,304,445,128,317,355,936,847,26,28,38.0,888,23.37,637,85,57,44,53,12,93,2.45,63,10,7,6,7,0,53.98571428571429
2018-2019,7,Wolves,38,16,9,13,47,46,1,57,1.5,52.1,42.1,10.1,0.26,31030,Raúl Jiménez - 13,Rui Patrício,→ Europa League via league finish,21,38.0,720,408,385,284,51,283,664,42.6,381,499,148,351,501,1221,895,23,21,38.0,794,20.89,562,61,58,46,52,15,74,1.95,50,5,3,7,8,1,48.78333333333333
2018-2019,8,Everton,38,15,9,14,54,46,8,54,1.42,49.7,45.7,4.0,0.1,39043,"Gylfi Sigurðsson, Richarlison - 13",Jordan Pickford,,23,38.0,699,441,326,290,83,220,511,43.1,291,414,85,329,453,1152,877,21,23,38.0,699,18.39,488,74,38,42,44,13,74,1.95,47,5,2,12,6,2,45.142857142857146
2018-2019,9,Leicester City,38,15,7,16,51,48,3,52,1.37,52.4,43.7,8.7,0.23,31851,Jamie Vardy - 18,Kasper Schmeichel,,25,38.0,675,393,344,277,54,237,549,43.2,312,429,96,333,438,1113,1034,24,25,38.0,744,19.58,535,73,41,47,34,14,81,2.13,58,5,7,6,4,1,51.666666666666664
2018-2019,10,West Ham,38,15,7,16,52,55,-3,52,1.37,47.6,61.9,-14.3,-0.38,58336,Marko Arnautović - 10,Łukasz Fabiański,,26,38.0,723,393,385,279,59,295,697,42.3,402,488,142,346,457,1180,926,16,26,38.0,931,24.5,668,79,72,54,50,8,102,2.68,69,11,8,7,7,0,44.6
2018-2019,11,Watford,38,14,8,16,52,59,-7,50,1.32,48.2,59.2,-11.0,-0.29,20016,Gerard Deulofeu - 10,Ben Foster,,25,38.0,656,391,350,243,63,257,622,41.3,365,404,120,284,428,1084,1022,18,25,38.0,859,22.61,591,88,56,57,49,18,95,2.5,64,7,4,10,7,3,45.0
2018-2019,12,Crystal Palace,38,14,7,17,51,53,-2,49,1.29,47.6,50.1,-2.5,-0.07,25455,Luka Milivojević - 12,Vicente Guaita,,26,38.0,733,446,398,270,65,281,590,47.6,309,441,141,300,445,1178,1011,17,26,38.0,917,24.13,662,84,54,54,54,9,85,2.24,61,6,5,6,6,1,45.07142857142857
2018-2019,13,Newcastle Utd,38,12,9,17,42,48,-6,45,1.18,39.1,53.6,-14.5,-0.38,51121,Ayoze Pérez - 12,Martin Dúbravka,,24,38.0,711,433,356,291,64,241,565,42.7,324,472,135,337,506,1217,1204,16,24,38.0,853,22.45,598,91,35,56,58,15,83,2.18,51,9,3,11,8,1,43.542857142857144
2018-2019,14,Bournemouth,38,13,6,19,56,70,-14,45,1.18,53.3,57.2,-3.9,-0.1,10532,Callum Wilson - 14,Asmir Begović,,28,38.0,525,299,285,185,55,216,494,43.7,278,405,152,253,371,896,1098,21,28,38.0,927,24.39,704,67,39,61,40,16,119,3.13,91,2,9,9,8,0,44.78
2018-2019,15,Burnley,38,11,7,20,45,68,-23,40,1.05,44.4,62.1,-17.7,-0.46,20534,Ashley Barnes - 12,"Tom Heaton, Joe Hart",,23,38.0,584,311,280,246,58,237,539,44.0,302,516,222,294,367,951,1156,19,23,38.0,1147,30.18,893,81,51,86,27,9,107,2.82,82,4,6,11,4,0,42.75
2018-2019,16,Southampton,38,9,12,17,45,65,-20,39,1.03,46.9,55.1,-8.2,-0.22,30139,"Danny Ings, James Ward-Prowse - 7",Alex McCarthy,,30,38.0,698,428,335,283,80,277,646,42.9,369,533,153,380,549,1247,1128,18,30,38.0,895,23.55,645,88,53,54,38,17,98,2.58,72,6,7,9,2,2,47.96666666666667
2018-2019,17,Brighton,38,9,9,20,35,60,-25,36,0.95,35.3,59.1,-23.8,-0.63,30426,Glenn Murray - 13,Mathew Ryan,,21,38.0,679,391,363,238,78,264,582,45.4,318,415,170,245,463,1142,1001,17,21,38.0,1020,26.84,724,81,68,69,60,18,103,2.71,65,3,13,10,11,1,51.971428571428575
2018-2019,18,Cardiff City,38,10,4,24,34,69,-35,34,0.89,42.4,61.5,-19.1,-0.5,31408,"Bobby Reid, Víctor Camarasa - 5",Neil Etheridge,Relegated,25,38.0,655,375,357,234,64,241,607,39.7,366,490,147,343,529,1184,1034,18,25,38.0,1017,26.76,719,94,78,62,52,12,124,3.26,87,6,15,8,7,1,35.4
2018-2019,19,Fulham,38,7,5,26,34,81,-47,26,0.68,41.3,68.2,-26.8,-0.71,24371,Aleksandar Mitrović - 11,Sergio Rico,Relegated,28,38.0,596,362,310,231,55,224,524,42.7,300,425,144,281,434,1030,1030,28,28,38.0,992,26.11,729,75,52,70,47,19,135,3.55,98,6,10,14,5,2,49.475
2018-2019,20,Huddersfield,38,3,7,28,22,76,-54,16,0.42,28.8,60.9,-32.2,-0.85,23203,Karlan Grant - 4,Jonas Lössl,Relegated,31,38.0,708,425,323,315,70,263,625,42.1,362,496,130,366,531,1239,682,15,31,38.0,927,24.39,681,76,56,54,51,9,135,3.55,97,7,11,7,12,1,46.45
2017-2018,1,Manchester City,38,32,4,2,106,27,79,100,2.63,78.6,23.8,54.8,1.44,53812,Sergio Agüero - 21,Ederson,→ Champions League via league finish,25,38.0,563,381,257,215,91,195,561,34.8,366,328,53,275,346,909,620,19,25,38.0,406,10.68,242,48,44,22,36,14,41,1.08,30,1,6,2,2,0,66.62857142857143
2017-2018,2,Manchester Utd,38,25,6,7,68,28,40,81,2.13,55.7,40.7,15.0,0.4,74976,Romelu Lukaku - 16,David de Gea,→ Champions League via league finish,27,38.0,564,369,275,218,71,173,555,31.2,382,382,112,270,481,1045,926,20,27,38.0,787,20.71,583,62,62,40,30,10,46,1.21,30,4,3,4,4,1,53.98571428571429
2017-2018,3,Tottenham,38,23,8,7,74,36,38,77,2.03,64.7,33.9,30.8,0.81,67496,Harry Kane - 30,Hugo Lloris,→ Champions League via league finish,25,38.0,618,399,272,259,87,212,537,39.5,325,360,74,286,380,998,878,22,25,38.0,609,16.03,416,70,44,30,34,15,57,1.5,36,8,3,3,6,1,55.4
2017-2018,4,Liverpool,38,21,12,5,84,38,46,75,1.97,72.9,33.8,39.1,1.03,53049,Mohamed Salah - 32,"Loris Karius, Simon Mignolet",→ Champions League via league finish,27,38.0,637,450,265,285,87,196,521,37.6,325,388,71,317,379,1016,788,12,27,38.0,493,12.97,332,53,35,25,42,6,66,1.74,41,5,5,8,6,1,61.699999999999996
2017-2018,5,Chelsea,38,21,7,10,62,38,24,70,1.84,54.4,33.8,20.6,0.54,41282,Eden Hazard - 12,Thibaut Courtois,→ Europa League via cup win 1,26,38.0,636,426,321,251,64,208,550,37.8,342,365,107,258,424,1060,842,24,26,38.0,665,17.5,482,50,43,37,37,16,57,1.5,40,3,5,6,3,0,59.84285714285714
2017-2018,6,Arsenal,38,19,6,13,74,51,23,63,1.66,68.3,47.8,20.5,0.54,59323,Alexandre Lacazette - 14,Petr Čech,→ Europa League via league finish,30,38.0,623,425,312,227,84,218,581,37.5,363,372,103,269,427,1050,879,33,30,38.0,730,19.21,504,78,53,38,42,15,89,2.34,69,4,7,4,4,1,56.728571428571435
2017-2018,7,Burnley,38,14,12,12,36,39,-3,54,1.42,32.3,51.2,-18.9,-0.5,20688,Chris Wood - 10,Nick Pope,→ Europa League via league finish 2,24,38.0,533,355,272,217,44,204,553,36.9,349,457,191,266,400,933,1300,8,24,38.0,1032,27.16,783,78,61,59,39,12,68,1.79,45,4,6,8,3,2,42.75
2017-2018,8,Everton,38,13,10,15,44,58,-14,49,1.29,40.5,52.4,-11.9,-0.31,38797,Wayne Rooney - 10,Jordan Pickford,,30,38.0,644,447,360,206,78,223,612,36.4,389,426,160,266,514,1158,1308,22,30,38.0,950,25.0,675,87,71,59,42,16,106,2.79,76,7,11,9,2,1,45.142857142857146
2017-2018,9,Leicester City,38,12,11,15,56,60,-4,47,1.24,50.0,48.1,1.9,0.05,31583,Jamie Vardy - 20,Kasper Schmeichel,,27,38.0,630,417,332,249,49,208,616,33.8,408,465,130,335,414,1044,1007,17,27,38.0,865,22.76,647,63,62,46,32,15,105,2.76,71,10,7,9,6,2,51.666666666666664
2017-2018,10,Newcastle Utd,38,12,8,18,39,47,-8,44,1.16,41.6,52.4,-10.8,-0.28,51992,Ayoze Pérez - 8,Rob Elliot,,27,38.0,645,426,338,255,52,221,638,34.6,417,475,117,358,441,1086,1219,17,27,38.0,858,22.58,628,77,58,47,36,12,81,2.13,63,2,5,6,4,1,43.542857142857144
2017-2018,11,Crystal Palace,38,11,11,16,45,55,-10,44,1.16,53.5,48.2,5.2,0.14,25063,Luka Milivojević - 10,Wayne Hennessey,,28,38.0,686,447,393,237,56,260,666,39.0,406,466,117,349,552,1238,1110,22,28,38.0,807,21.24,573,73,65,45,35,16,90,2.37,55,6,12,11,4,2,45.07142857142857
2017-2018,12,Bournemouth,38,11,11,16,45,61,-16,44,1.16,38.8,59.2,-20.4,-0.54,10641,"Joshua King, Callum Wilson - 8",Asmir Begović,,22,38.0,509,324,272,187,50,198,525,37.7,327,453,160,293,367,876,1129,25,22,38.0,957,25.18,702,77,69,54,37,18,108,2.84,77,5,9,10,6,1,44.78
2017-2018,13,West Ham,38,10,12,16,48,68,-20,42,1.11,36.7,55.1,-18.4,-0.48,56885,Marko Arnautović - 11,"Joe Hart, Adrián",,27,38.0,621,410,327,238,56,235,620,37.9,385,437,154,283,482,1103,1085,17,27,38.0,1018,26.79,773,75,64,54,42,10,119,3.13,82,6,11,10,10,0,44.6
2017-2018,14,Watford,38,11,8,19,44,64,-20,41,1.08,45.0,51.8,-6.8,-0.18,20231,Abdoulaye Doucouré - 7,Heurelho Gomes,,29,38.0,668,432,337,263,68,237,609,38.9,372,359,98,261,467,1135,997,17,29,38.0,715,18.82,501,76,51,35,46,6,113,2.97,69,10,17,8,9,0,45.0
2017-2018,15,Brighton,38,9,13,16,34,54,-20,40,1.05,37.0,50.8,-13.8,-0.36,30403,Glenn Murray - 12,Mathew Ryan,,24,38.0,599,380,360,205,34,205,642,31.9,437,430,190,240,449,1048,1182,18,24,38.0,970,25.53,684,71,85,60,60,10,86,2.26,53,10,13,7,3,0,51.971428571428575
2017-2018,16,Huddersfield,38,9,10,19,28,58,-30,37,0.97,31.3,48.5,-17.2,-0.45,24040,Steve Mounié - 7,Jonas Lössl,,25,38.0,743,502,354,306,83,249,630,39.5,381,453,118,335,518,1261,1129,22,25,38.0,768,20.21,531,84,53,43,45,12,99,2.61,70,6,6,8,6,3,46.45
2017-2018,17,Southampton,38,7,15,16,37,56,-19,36,0.95,39.9,45.2,-5.3,-0.14,30794,Charlie Austin - 7,Fraser Forster,,26,38.0,658,454,342,250,66,244,605,40.3,361,455,128,327,462,1120,1034,25,26,38.0,886,23.32,644,74,54,54,50,10,98,2.58,72,9,1,12,4,0,47.96666666666667
2017-2018,18,Swansea City,38,8,9,21,28,56,-28,33,0.87,31.6,58.6,-27.0,-0.71,20623,Jordan Ayew - 7,Łukasz Fabiański,Relegated,26,38.0,610,417,286,241,83,221,550,40.2,329,411,124,287,390,1000,1019,21,26,38.0,952,25.05,718,67,55,49,47,16,87,2.29,54,6,6,11,9,1,45.3
2017-2018,19,Stoke City,38,7,12,19,35,68,-33,33,0.87,36.5,62.5,-26.0,-0.69,29280,Xherdan Shaqiri - 8,Jack Butland,Relegated,30,38.0,678,437,370,252,56,228,600,38.0,372,424,142,282,461,1139,1265,20,30,38.0,1030,27.11,755,78,67,60,61,9,111,2.92,82,5,8,8,8,0,41.4
2017-2018,20,West Brom,38,6,13,19,31,56,-25,31,0.82,36.5,47.9,-11.4,-0.3,24520,"Jay Rodriguez, Salomón Rondón - 7",Ben Foster,Relegated,24,38.0,603,385,336,204,63,218,625,34.9,407,420,148,272,470,1073,1087,9,24,38.0,925,24.34,680,68,69,48,49,11,100,2.63,67,7,14,7,5,0,39.3
